price_obs_id,date,year,quarter,ppi_value,realtime_start,realtime_end
PPI-CHEM-2010Q1,2010-01-01,2010,1,261.7,2026-05-27,2026-05-27
PPI-CHEM-2010Q1,2010-02-01,2010,1,269.4,2026-05-27,2026-05-27
PPI-CHEM-2010Q1,2010-03-01,2010,1,273.1,2026-05-27,2026-05-27
PPI-CHEM-2010Q2,2010-04-01,2010,2,275.1,2026-05-27,2026-05-27
PPI-CHEM-2010Q2,2010-05-01,2010,2,271.9,2026-05-27,2026-05-27
PPI-CHEM-2010Q2,2010-06-01,2010,2,264.1,2026-05-27,2026-05-27
PPI-CHEM-2010Q3,2010-07-01,2010,3,257.8,2026-05-27,2026-05-27
PPI-CHEM-2010Q3,2010-08-01,2010,3,260.7,2026-05-27,2026-05-27
PPI-CHEM-2010Q3,2010-09-01,2010,3,264.0,2026-05-27,2026-05-27
PPI-CHEM-2010Q4,2010-10-01,2010,4,268.6,2026-05-27,2026-05-27
PPI-CHEM-2010Q4,2010-11-01,2010,4,278.2,2026-05-27,2026-05-27
PPI-CHEM-2010Q4,2010-12-01,2010,4,285.5,2026-05-27,2026-05-27
PPI-CHEM-2011Q1,2011-01-01,2011,1,297.4,2026-05-27,2026-05-27
PPI-CHEM-2011Q1,2011-02-01,2011,1,311.5,2026-05-27,2026-05-27
PPI-CHEM-2011Q1,2011-03-01,2011,1,317.5,2026-05-27,2026-05-27
PPI-CHEM-2011Q2,2011-04-01,2011,2,332.0,2026-05-27,2026-05-27
PPI-CHEM-2011Q2,2011-05-01,2011,2,341.8,2026-05-27,2026-05-27
PPI-CHEM-2011Q2,2011-06-01,2011,2,339.6,2026-05-27,2026-05-27
PPI-CHEM-2011Q3,2011-07-01,2011,3,338.6,2026-05-27,2026-05-27
PPI-CHEM-2011Q3,2011-08-01,2011,3,337.0,2026-05-27,2026-05-27
PPI-CHEM-2011Q3,2011-09-01,2011,3,336.0,2026-05-27,2026-05-27
PPI-CHEM-2011Q4,2011-10-01,2011,4,325.2,2026-05-27,2026-05-27
PPI-CHEM-2011Q4,2011-11-01,2011,4,315.6,2026-05-27,2026-05-27
PPI-CHEM-2011Q4,2011-12-01,2011,4,304.4,2026-05-27,2026-05-27
PPI-CHEM-2012Q1,2012-01-01,2012,1,308.3,2026-05-27,2026-05-27
PPI-CHEM-2012Q1,2012-02-01,2012,1,314.9,2026-05-27,2026-05-27
PPI-CHEM-2012Q1,2012-03-01,2012,1,327.3,2026-05-27,2026-05-27
PPI-CHEM-2012Q2,2012-04-01,2012,2,328.9,2026-05-27,2026-05-27
PPI-CHEM-2012Q2,2012-05-01,2012,2,321.2,2026-05-27,2026-05-27
PPI-CHEM-2012Q2,2012-06-01,2012,2,299.4,2026-05-27,2026-05-27
PPI-CHEM-2012Q3,2012-07-01,2012,3,294.8,2026-05-27,2026-05-27
PPI-CHEM-2012Q3,2012-08-01,2012,3,295.2,2026-05-27,2026-05-27
PPI-CHEM-2012Q3,2012-09-01,2012,3,299.4,2026-05-27,2026-05-27
PPI-CHEM-2012Q4,2012-10-01,2012,4,300.2,2026-05-27,2026-05-27
PPI-CHEM-2012Q4,2012-11-01,2012,4,296.5,2026-05-27,2026-05-27
PPI-CHEM-2012Q4,2012-12-01,2012,4,297.1,2026-05-27,2026-05-27
PPI-CHEM-2013Q1,2013-01-01,2013,1,305.4,2026-05-27,2026-05-27
PPI-CHEM-2013Q1,2013-02-01,2013,1,315.8,2026-05-27,2026-05-27
PPI-CHEM-2013Q1,2013-03-01,2013,1,309.6,2026-05-27,2026-05-27
PPI-CHEM-2013Q2,2013-04-01,2013,2,303.4,2026-05-27,2026-05-27
PPI-CHEM-2013Q2,2013-05-01,2013,2,303.0,2026-05-27,2026-05-27
PPI-CHEM-2013Q2,2013-06-01,2013,2,303.1,2026-05-27,2026-05-27
PPI-CHEM-2013Q3,2013-07-01,2013,3,299.8,2026-05-27,2026-05-27
PPI-CHEM-2013Q3,2013-08-01,2013,3,299.3,2026-05-27,2026-05-27
PPI-CHEM-2013Q3,2013-09-01,2013,3,298.7,2026-05-27,2026-05-27
PPI-CHEM-2013Q4,2013-10-01,2013,4,294.5,2026-05-27,2026-05-27
PPI-CHEM-2013Q4,2013-11-01,2013,4,290.0,2026-05-27,2026-05-27
PPI-CHEM-2013Q4,2013-12-01,2013,4,292.0,2026-05-27,2026-05-27
PPI-CHEM-2014Q1,2014-01-01,2014,1,295.8,2026-05-27,2026-05-27
PPI-CHEM-2014Q1,2014-02-01,2014,1,298.6,2026-05-27,2026-05-27
PPI-CHEM-2014Q1,2014-03-01,2014,1,291.1,2026-05-27,2026-05-27
PPI-CHEM-2014Q2,2014-04-01,2014,2,294.8,2026-05-27,2026-05-27
PPI-CHEM-2014Q2,2014-05-01,2014,2,289.1,2026-05-27,2026-05-27
PPI-CHEM-2014Q2,2014-06-01,2014,2,289.8,2026-05-27,2026-05-27
PPI-CHEM-2014Q3,2014-07-01,2014,3,295.7,2026-05-27,2026-05-27
PPI-CHEM-2014Q3,2014-08-01,2014,3,296.4,2026-05-27,2026-05-27
PPI-CHEM-2014Q3,2014-09-01,2014,3,293.1,2026-05-27,2026-05-27
PPI-CHEM-2014Q4,2014-10-01,2014,4,284.6,2026-05-27,2026-05-27
PPI-CHEM-2014Q4,2014-11-01,2014,4,275.1,2026-05-27,2026-05-27
PPI-CHEM-2014Q4,2014-12-01,2014,4,263.4,2026-05-27,2026-05-27
PPI-CHEM-2015Q1,2015-01-01,2015,1,242.0,2026-05-27,2026-05-27
PPI-CHEM-2015Q1,2015-02-01,2015,1,242.4,2026-05-27,2026-05-27
PPI-CHEM-2015Q1,2015-03-01,2015,1,244.7,2026-05-27,2026-05-27
PPI-CHEM-2015Q2,2015-04-01,2015,2,245.5,2026-05-27,2026-05-27
PPI-CHEM-2015Q2,2015-05-01,2015,2,248.5,2026-05-27,2026-05-27
PPI-CHEM-2015Q2,2015-06-01,2015,2,251.2,2026-05-27,2026-05-27
PPI-CHEM-2015Q3,2015-07-01,2015,3,251.5,2026-05-27,2026-05-27
PPI-CHEM-2015Q3,2015-08-01,2015,3,245.2,2026-05-27,2026-05-27
PPI-CHEM-2015Q3,2015-09-01,2015,3,236.4,2026-05-27,2026-05-27
PPI-CHEM-2015Q4,2015-10-01,2015,4,235.2,2026-05-27,2026-05-27
PPI-CHEM-2015Q4,2015-11-01,2015,4,234.2,2026-05-27,2026-05-27
PPI-CHEM-2015Q4,2015-12-01,2015,4,230.1,2026-05-27,2026-05-27
PPI-CHEM-2016Q1,2016-01-01,2016,1,223.6,2026-05-27,2026-05-27
PPI-CHEM-2016Q1,2016-02-01,2016,1,219.2,2026-05-27,2026-05-27
PPI-CHEM-2016Q1,2016-03-01,2016,1,221.4,2026-05-27,2026-05-27
PPI-CHEM-2016Q2,2016-04-01,2016,2,224.7,2026-05-27,2026-05-27
PPI-CHEM-2016Q2,2016-05-01,2016,2,226.9,2026-05-27,2026-05-27
PPI-CHEM-2016Q2,2016-06-01,2016,2,227.0,2026-05-27,2026-05-27
PPI-CHEM-2016Q3,2016-07-01,2016,3,225.2,2026-05-27,2026-05-27
PPI-CHEM-2016Q3,2016-08-01,2016,3,226.7,2026-05-27,2026-05-27
PPI-CHEM-2016Q3,2016-09-01,2016,3,229.7,2026-05-27,2026-05-27
PPI-CHEM-2016Q4,2016-10-01,2016,4,232.7,2026-05-27,2026-05-27
PPI-CHEM-2016Q4,2016-11-01,2016,4,238.9,2026-05-27,2026-05-27
PPI-CHEM-2016Q4,2016-12-01,2016,4,241.5,2026-05-27,2026-05-27
PPI-CHEM-2017Q1,2017-01-01,2017,1,241.5,2026-05-27,2026-05-27
PPI-CHEM-2017Q1,2017-02-01,2017,1,248.4,2026-05-27,2026-05-27
PPI-CHEM-2017Q1,2017-03-01,2017,1,253.7,2026-05-27,2026-05-27
PPI-CHEM-2017Q2,2017-04-01,2017,2,255.4,2026-05-27,2026-05-27
PPI-CHEM-2017Q2,2017-05-01,2017,2,253.5,2026-05-27,2026-05-27
PPI-CHEM-2017Q2,2017-06-01,2017,2,251.5,2026-05-27,2026-05-27
PPI-CHEM-2017Q3,2017-07-01,2017,3,247.3,2026-05-27,2026-05-27
PPI-CHEM-2017Q3,2017-08-01,2017,3,252.8,2026-05-27,2026-05-27
PPI-CHEM-2017Q3,2017-09-01,2017,3,254.2,2026-05-27,2026-05-27
PPI-CHEM-2017Q4,2017-10-01,2017,4,258.5,2026-05-27,2026-05-27
PPI-CHEM-2017Q4,2017-11-01,2017,4,265.8,2026-05-27,2026-05-27
PPI-CHEM-2017Q4,2017-12-01,2017,4,266.0,2026-05-27,2026-05-27
PPI-CHEM-2018Q1,2018-01-01,2018,1,268.1,2026-05-27,2026-05-27
PPI-CHEM-2018Q1,2018-02-01,2018,1,270.3,2026-05-27,2026-05-27
PPI-CHEM-2018Q1,2018-03-01,2018,1,272.1,2026-05-27,2026-05-27
PPI-CHEM-2018Q2,2018-04-01,2018,2,269.9,2026-05-27,2026-05-27
PPI-CHEM-2018Q2,2018-05-01,2018,2,270.9,2026-05-27,2026-05-27
PPI-CHEM-2018Q2,2018-06-01,2018,2,272.5,2026-05-27,2026-05-27
PPI-CHEM-2018Q3,2018-07-01,2018,3,274.2,2026-05-27,2026-05-27
PPI-CHEM-2018Q3,2018-08-01,2018,3,279.7,2026-05-27,2026-05-27
PPI-CHEM-2018Q3,2018-09-01,2018,3,283.9,2026-05-27,2026-05-27
PPI-CHEM-2018Q4,2018-10-01,2018,4,286.3,2026-05-27,2026-05-27
PPI-CHEM-2018Q4,2018-11-01,2018,4,277.6,2026-05-27,2026-05-27
PPI-CHEM-2018Q4,2018-12-01,2018,4,262.4,2026-05-27,2026-05-27
PPI-CHEM-2019Q1,2019-01-01,2019,1,259.9,2026-05-27,2026-05-27
PPI-CHEM-2019Q1,2019-02-01,2019,1,257.4,2026-05-27,2026-05-27
PPI-CHEM-2019Q1,2019-03-01,2019,1,258.3,2026-05-27,2026-05-27
PPI-CHEM-2019Q2,2019-04-01,2019,2,259.0,2026-05-27,2026-05-27
PPI-CHEM-2019Q2,2019-05-01,2019,2,254.4,2026-05-27,2026-05-27
PPI-CHEM-2019Q2,2019-06-01,2019,2,253.8,2026-05-27,2026-05-27
PPI-CHEM-2019Q3,2019-07-01,2019,3,249.3,2026-05-27,2026-05-27
PPI-CHEM-2019Q3,2019-08-01,2019,3,245.8,2026-05-27,2026-05-27
PPI-CHEM-2019Q3,2019-09-01,2019,3,242.5,2026-05-27,2026-05-27
PPI-CHEM-2019Q4,2019-10-01,2019,4,252.3,2026-05-27,2026-05-27
PPI-CHEM-2019Q4,2019-11-01,2019,4,250.9,2026-05-27,2026-05-27
PPI-CHEM-2019Q4,2019-12-01,2019,4,246.9,2026-05-27,2026-05-27
PPI-CHEM-2020Q1,2020-01-01,2020,1,246.3,2026-05-27,2026-05-27
PPI-CHEM-2020Q1,2020-02-01,2020,1,243.0,2026-05-27,2026-05-27
PPI-CHEM-2020Q1,2020-03-01,2020,1,237.9,2026-05-27,2026-05-27
PPI-CHEM-2020Q2,2020-04-01,2020,2,211.0,2026-05-27,2026-05-27
PPI-CHEM-2020Q2,2020-05-01,2020,2,200.0,2026-05-27,2026-05-27
PPI-CHEM-2020Q2,2020-06-01,2020,2,209.0,2026-05-27,2026-05-27
PPI-CHEM-2020Q3,2020-07-01,2020,3,218.2,2026-05-27,2026-05-27
PPI-CHEM-2020Q3,2020-08-01,2020,3,224.3,2026-05-27,2026-05-27
PPI-CHEM-2020Q3,2020-09-01,2020,3,225.8,2026-05-27,2026-05-27
PPI-CHEM-2020Q4,2020-10-01,2020,4,227.7,2026-05-27,2026-05-27
PPI-CHEM-2020Q4,2020-11-01,2020,4,232.4,2026-05-27,2026-05-27
PPI-CHEM-2020Q4,2020-12-01,2020,4,240.0,2026-05-27,2026-05-27
PPI-CHEM-2021Q1,2021-01-01,2021,1,252.9,2026-05-27,2026-05-27
PPI-CHEM-2021Q1,2021-02-01,2021,1,268.9,2026-05-27,2026-05-27
PPI-CHEM-2021Q1,2021-03-01,2021,1,280.3,2026-05-27,2026-05-27
PPI-CHEM-2021Q2,2021-04-01,2021,2,292.2,2026-05-27,2026-05-27
PPI-CHEM-2021Q2,2021-05-01,2021,2,310.7,2026-05-27,2026-05-27
PPI-CHEM-2021Q2,2021-06-01,2021,2,317.0,2026-05-27,2026-05-27
PPI-CHEM-2021Q3,2021-07-01,2021,3,320.632,2026-05-27,2026-05-27
PPI-CHEM-2021Q3,2021-08-01,2021,3,331.731,2026-05-27,2026-05-27
PPI-CHEM-2021Q3,2021-09-01,2021,3,327.495,2026-05-27,2026-05-27
PPI-CHEM-2021Q4,2021-10-01,2021,4,332.831,2026-05-27,2026-05-27
PPI-CHEM-2021Q4,2021-11-01,2021,4,341.449,2026-05-27,2026-05-27
PPI-CHEM-2021Q4,2021-12-01,2021,4,335.607,2026-05-27,2026-05-27
PPI-CHEM-2022Q1,2022-01-01,2022,1,336.391,2026-05-27,2026-05-27
PPI-CHEM-2022Q1,2022-02-01,2022,1,341.778,2026-05-27,2026-05-27
PPI-CHEM-2022Q1,2022-03-01,2022,1,355.017,2026-05-27,2026-05-27
PPI-CHEM-2022Q2,2022-04-01,2022,2,358.784,2026-05-27,2026-05-27
PPI-CHEM-2022Q2,2022-05-01,2022,2,374.198,2026-05-27,2026-05-27
PPI-CHEM-2022Q2,2022-06-01,2022,2,379.442,2026-05-27,2026-05-27
PPI-CHEM-2022Q3,2022-07-01,2022,3,379.705,2026-05-27,2026-05-27
PPI-CHEM-2022Q3,2022-08-01,2022,3,358.093,2026-05-27,2026-05-27
PPI-CHEM-2022Q3,2022-09-01,2022,3,348.66,2026-05-27,2026-05-27
PPI-CHEM-2022Q4,2022-10-01,2022,4,341.677,2026-05-27,2026-05-27
PPI-CHEM-2022Q4,2022-11-01,2022,4,337.539,2026-05-27,2026-05-27
PPI-CHEM-2022Q4,2022-12-01,2022,4,332.219,2026-05-27,2026-05-27
PPI-CHEM-2023Q1,2023-01-01,2023,1,335.513,2026-05-27,2026-05-27
PPI-CHEM-2023Q1,2023-02-01,2023,1,336.439,2026-05-27,2026-05-27
PPI-CHEM-2023Q1,2023-03-01,2023,1,328.228,2026-05-27,2026-05-27
PPI-CHEM-2023Q2,2023-04-01,2023,2,329.065,2026-05-27,2026-05-27
PPI-CHEM-2023Q2,2023-05-01,2023,2,323.285,2026-05-27,2026-05-27
PPI-CHEM-2023Q2,2023-06-01,2023,2,318.053,2026-05-27,2026-05-27
PPI-CHEM-2023Q3,2023-07-01,2023,3,309.811,2026-05-27,2026-05-27
PPI-CHEM-2023Q3,2023-08-01,2023,3,307.044,2026-05-27,2026-05-27
PPI-CHEM-2023Q3,2023-09-01,2023,3,309.362,2026-05-27,2026-05-27
PPI-CHEM-2023Q4,2023-10-01,2023,4,315.741,2026-05-27,2026-05-27
PPI-CHEM-2023Q4,2023-11-01,2023,4,307.009,2026-05-27,2026-05-27
PPI-CHEM-2023Q4,2023-12-01,2023,4,300.512,2026-05-27,2026-05-27
PPI-CHEM-2024Q1,2024-01-01,2024,1,290.946,2026-05-27,2026-05-27
PPI-CHEM-2024Q1,2024-02-01,2024,1,296.303,2026-05-27,2026-05-27
PPI-CHEM-2024Q1,2024-03-01,2024,1,298.28,2026-05-27,2026-05-27
PPI-CHEM-2024Q2,2024-04-01,2024,2,304.241,2026-05-27,2026-05-27
PPI-CHEM-2024Q2,2024-05-01,2024,2,302.777,2026-05-27,2026-05-27
PPI-CHEM-2024Q2,2024-06-01,2024,2,304.175,2026-05-27,2026-05-27
PPI-CHEM-2024Q3,2024-07-01,2024,3,311.657,2026-05-27,2026-05-27
PPI-CHEM-2024Q3,2024-08-01,2024,3,310.822,2026-05-27,2026-05-27
PPI-CHEM-2024Q3,2024-09-01,2024,3,305.13,2026-05-27,2026-05-27
PPI-CHEM-2024Q4,2024-10-01,2024,4,301.007,2026-05-27,2026-05-27
PPI-CHEM-2024Q4,2024-11-01,2024,4,297.41,2026-05-27,2026-05-27
PPI-CHEM-2024Q4,2024-12-01,2024,4,297.471,2026-05-27,2026-05-27
PPI-CHEM-2025Q1,2025-01-01,2025,1,304.99,2026-05-27,2026-05-27
PPI-CHEM-2025Q1,2025-02-01,2025,1,303.418,2026-05-27,2026-05-27
PPI-CHEM-2025Q1,2025-03-01,2025,1,302.18,2026-05-27,2026-05-27
PPI-CHEM-2025Q2,2025-04-01,2025,2,298.46,2026-05-27,2026-05-27
PPI-CHEM-2025Q2,2025-05-01,2025,2,296.627,2026-05-27,2026-05-27
PPI-CHEM-2025Q2,2025-06-01,2025,2,298.54,2026-05-27,2026-05-27
PPI-CHEM-2025Q3,2025-07-01,2025,3,299.062,2026-05-27,2026-05-27
PPI-CHEM-2025Q3,2025-08-01,2025,3,296.554,2026-05-27,2026-05-27
PPI-CHEM-2025Q3,2025-09-01,2025,3,297.075,2026-05-27,2026-05-27
PPI-CHEM-2025Q4,2025-10-01,2025,4,294.666,2026-05-27,2026-05-27
PPI-CHEM-2025Q4,2025-11-01,2025,4,291.847,2026-05-27,2026-05-27
PPI-CHEM-2025Q4,2025-12-01,2025,4,292.404,2026-05-27,2026-05-27
PPI-CHEM-2026Q1,2026-01-01,2026,1,288.852,2026-05-27,2026-05-27
PPI-CHEM-2026Q1,2026-02-01,2026,1,293.859,2026-05-27,2026-05-27
PPI-CHEM-2026Q1,2026-03-01,2026,1,302.843,2026-05-27,2026-05-27
PPI-CHEM-2026Q2,2026-04-01,2026,2,318.19,2026-05-27,2026-05-27
